cx_square,cy_square,cx_hexa,cy_hexa,cx_sept,cy_sept,cx_pent,cy_pent,cx_triangle,cy_triangle,X,Y,Z
389,502,391,393,388,592,230,501,533,502,47.630973,1.959253,-5.144614
518,528,506,431,530,611,376,534,651,521,47.166674,1.713366,-7.55838
547,525,535,428,559,608,404,532,682,519,47.33597,0.654571,-9.487253
554,514,542,416,566,597,411,520,690,507,47.301259,-1.078294,-11.537369
555,498,543,399,565,580,411,504,690,491,47.262419,-3.110282,-14.191243
555,474,545,374,565,556,411,480,690,467,47.600145,-4.5714,-15.456969
524,456,515,356,532,538,380,462,658,450,48.407186,-4.49215,-13.346211
433,436,424,335,440,518,286,440,565,432,50.064156,-4.036178,-7.347954
391,433,382,331,397,515,243,436,522,429,50.792797,-3.5919,-4.09792
354,431,346,330,360,513,204,434,486,428,51.092875,-2.86316,-1.398194
412,493,413,386,411,581,257,492,553,493,51.37571,-2.75907,0.444896
326,431,317,331,331,513,175,434,457,428,51.48587,-2.255161,1.53451
312,439,304,339,317,520,161,442,442,435,52.038282,-1.343247,3.1662
311,460,303,362,315,542,161,464,440,456,53.08757,-0.860704,4.47095
309,475,301,378,313,557,159,479,438,471,52.703276,-0.903162,4.231112
308,494,300,397,312,576,160,499,436,489,51.364515,-0.455544,2.389198
308,513,300,417,314,594,162,518,436,507,50.30519,1.433557,0.465526
318,528,309,432,324,610,173,534,445,522,49.449344,2.295665,-1.190189
343,545,333,450,351,628,200,552,470,539,48.518071,3.078194,-2.782195
374,554,362,459,383,637,231,561,500,547,47.765842,3.693155,-4.590877
402,559,390,464,413,642,261,567,529,551,47.219427,3.585988,-5.379348
432,489,432,384,430,575,279,488,569,489,46.967307,3.756092,-5.996627
435,560,421,464,447,642,294,567,563,552,46.449565,2.816955,-6.166067
472,560,457,465,485,643,332,568,601,552,46.421019,1.587952,-6.568816
505,559,490,464,519,642,365,567,636,551,46.881438,-0.217061,-7.099688
533,554,518,458,547,636,392,561,665,546,47.526358,-1.344162,-7.551898
558,531,544,435,572,613,417,539,692,523,48.084617,-2.39818,-7.861175
579,518,565,420,593,600,437,525,714,509,48.606584,-2.946997,-7.422045
581,509,567,412,595,591,439,517,717,501,48.871346,-3.991762,-6.56801
579,498,566,401,593,580,438,506,715,490,49.101243,-4.624695,-5.627866
577,491,564,393,590,572,436,498,711,483,49.289459,-5.188476,-4.1996
552,476,540,378,563,557,411,483,685,469,49.525688,-5.290901,-2.666099
454,486,453,384,453,571,304,486,589,485,49.546763,-5.397236,-1.139285
479,462,469,363,489,542,337,468,610,455,48.927292,-4.48373,1.24952
453,456,442,357,462,536,310,462,583,450,48.453676,-3.724159,1.846613
426,453,416,354,434,533,282,458,556,448,48.101891,-2.754567,1.821093
399,451,390,351,407,531,254,455,529,446,47.688777,-1.694005,0.917031
373,449,364,349,380,529,227,452,502,444,47.311341,-0.430334,-0.248984
353,447,344,349,359,528,206,451,482,443,46.880615,0.888802,-1.975419
344,452,336,354,350,533,198,457,473,448,46.423365,2.140901,-4.123077
336,472,328,375,342,553,189,476,465,467,46.1979,2.443373,-5.24804
333,487,325,390,338,568,186,491,461,482,46.025814,2.278071,-6.278247
490,485,487,384,490,568,342,486,622,483,46.047076,2.079331,-7.118951
331,502,323,405,337,583,185,507,459,496,45.761062,1.283233,-7.9416
331,520,323,424,338,602,187,526,459,514,45.21937,0.162494,-8.538683
356,537,346,442,364,619,213,544,483,531,44.899167,-0.752957,-9.307422
394,552,383,457,404,635,253,560,522,545,45.188456,-1.559975,-9.404713
427,561,414,465,439,644,287,569,556,553,45.677218,-2.725003,-8.518976
455,561,441,465,469,644,315,569,585,553,46.091711,-3.619579,-7.449873
481,560,466,465,496,643,342,569,612,552,46.398059,-3.904387,-6.502591
521,520,507,424,534,602,380,528,654,513,47.543431,-3.906928,-2.868352
515,485,510,384,516,567,369,486,646,482,47.908313,-3.879693,-1.19686
525,497,513,400,536,579,384,504,658,490,48.262257,-3.461302,0.669285
527,481,518,383,537,562,386,487,661,475,48.304126,-2.948172,1.540682
533,469,526,370,541,550,391,474,668,463,48.148657,-2.263924,1.830169
540,457,535,357,546,538,398,461,675,452,48.008297,-1.304738,1.504589
545,451,542,351,549,532,403,454,679,447,47.963736,0.142062,0.302148
536,441,533,340,539,522,393,443,669,438,47.88454,1.866005,-1.337203
464,430,461,329,467,511,320,432,596,428,47.518797,3.682891,-4.418284
412,428,408,327,416,509,266,429,543,426,47.51513,4.081921,-5.21597
362,425,356,324,366,507,213,427,493,423,47.378553,4.02614,-6.14353
533,485,526,385,534,566,387,486,663,481,47.267108,3.288793,-6.898805
326,423,320,320,332,505,176,425,459,421,47.139292,2.053748,-7.832621
311,421,304,318,317,503,160,423,444,418,46.998296,0.697884,-9.08058
301,420,293,317,308,502,150,422,434,417,47.035811,-0.504032,-9.470373
292,420,282,319,298,503,139,424,424,417,47.112517,-1.52462,-9.73952
288,439,278,339,295,521,137,444,420,435,47.141402,-2.484723,-9.484453
285,482,274,384,293,564,136,489,415,475,47.593912,-5.055594,-6.993259
292,499,280,402,302,581,145,507,422,492,47.679013,-5.742233,-5.840811
322,513,309,416,333,595,176,522,451,505,48.054472,-5.901944,-4.605315
351,524,337,427,364,607,207,533,481,515,48.361646,-5.849485,-3.388754
550,486,542,387,552,566,405,488,679,482,48.547776,-5.712176,-1.816568
379,527,364,431,392,610,235,537,508,518,48.722082,-5.025656,-0.318488
412,527,396,430,426,610,269,536,542,518,48.988422,-4.555704,1.612397
490,526,474,429,505,609,348,535,623,518,49.014114,-2.718445,3.290784
519,525,504,428,533,609,376,534,653,517,48.841904,-1.553381,2.904279
534,524,521,426,548,607,391,531,670,516,48.483917,0.164503,1.367815
539,487,529,388,549,570,396,493,675,481,47.946576,2.115101,-2.869519
540,452,533,351,547,535,396,457,676,447,47.614837,2.835864,-6.979226
564,486,556,387,565,566,418,488,692,481,47.441948,2.509747,-8.68725
504,431,497,329,510,514,358,435,639,427,47.23168,1.463399,-10.02901
466,413,460,309,470,497,317,416,601,410,47.088154,0.229229,-10.637501
442,408,436,303,446,491,292,410,577,404,47.032676,-1.296998,-10.630854
418,407,412,302,423,490,268,409,553,404,47.045441,-2.388759,-10.660932
393,405,387,300,399,489,242,408,529,402,47.075057,-3.741091,-9.961231
364,404,356,298,370,488,211,407,500,401,47.328624,-5.083636,-9.058423
344,404,335,298,351,488,190,406,480,400,47.63768,-6.162623,-7.900244
334,405,325,301,341,489,180,408,469,402,48.012176,-7.406739,-6.691137
326,422,317,319,334,506,173,426,461,418,48.630035,-8.046156,-5.145852
304,441,295,339,311,525,149,445,439,436,49.047947,-8.351569,-3.667199
573,485,566,386,574,565,428,488,701,481,49.318983,-8.073466,-2.046933
286,461,277,359,293,546,130,466,421,456,49.591186,-7.473174,-0.259964
281,481,273,380,288,566,126,486,417,476,49.790023,-6.589316,1.351867
279,500,271,399,286,585,124,505,415,494,49.850884,-5.491878,2.67908
279,510,271,409,285,595,124,516,414,504,49.85756,-3.920602,3.906017
280,519,272,418,286,605,126,525,414,513,49.817252,-2.880331,4.930939
320,529,312,428,326,614,169,534,453,522,49.890157,-2.282504,5.087232
370,540,362,440,377,626,222,546,503,534,49.710926,-1.516266,4.526944
481,555,470,454,491,641,335,560,617,549,48.884494,0.079592,1.757327
527,556,516,455,538,642,380,561,665,550,48.39312,0.798458,-0.095717
580,479,574,379,578,559,434,480,707,476,47.785889,1.703675,-2.966451
556,556,545,454,567,643,408,560,696,550,47.488734,1.948355,-4.286462
571,547,560,445,581,633,421,551,712,542,47.123975,2.018967,-5.609768
574,523,564,420,582,609,424,527,715,518,46.848203,1.787439,-6.933268
572,502,564,398,580,587,422,506,714,496,46.618988,1.127955,-8.001183
571,479,564,375,577,564,421,483,712,473,46.484792,0.098185,-8.409723
567,457,561,352,572,542,417,461,708,452,46.219518,-1.389342,-8.822992
498,427,494,319,500,511,346,428,637,423,46.086804,-3.688764,-8.62977
458,419,454,311,460,503,305,419,595,416,46.309885,-4.962383,-7.669637
416,416,412,307,419,500,262,416,553,413,46.718788,-6.357182,-6.037925
566,472,562,372,563,552,420,472,692,470,47.287022,-7.520612,-4.086299
384,416,379,309,388,500,230,417,521,413,47.84472,-8.415134,-2.381417
357,417,351,311,361,501,202,418,494,414,48.368569,-8.403823,-0.820912
340,423,334,317,344,507,184,425,476,419,48.713077,-7.710819,0.496598
330,443,324,339,335,527,175,445,466,439,48.83004,-6.473614,1.777299
319,465,313,362,324,549,164,468,455,461,48.564537,-5.142794,2.308933
318,491,312,389,322,575,164,495,452,486,48.240643,-3.636648,2.622155
318,511,311,410,322,596,165,516,452,506,47.701157,-1.896912,2.523986
321,527,314,427,326,612,170,532,454,521,47.171394,-0.637205,2.497895
355,537,347,437,362,623,206,543,488,531,46.458124,0.344964,2.686178
397,544,387,444,405,630,249,550,530,538,45.718698,1.226101,3.060879
524,468,521,368,519,547,377,466,649,467,45.075816,1.803601,2.202289
440,544,429,444,450,630,293,550,574,537,44.801349,2.351286,0.721183
486,544,474,443,497,630,340,550,622,537,44.770473,2.929524,-0.643379
528,543,515,442,540,629,381,549,665,536,44.830797,3.215002,-2.316317
572,541,558,439,585,627,424,547,712,533,44.931112,3.246898,-4.590069
587,535,573,433,600,620,438,541,728,527,45.187633,3.084943,-7.007547
588,517,575,414,601,602,440,523,730,509,45.486365,3.505103,-8.88679
586,501,575,399,598,585,439,507,727,493,45.734035,3.542055,-9.909946
582,479,572,377,592,563,436,485,722,472,45.93292,3.044307,-10.274514
546,453,538,350,554,536,400,458,684,447,46.192125,2.363627,-10.737448
513,440,507,336,520,522,367,444,650,435,46.329856,0.940698,-11.022284
473,464,470,365,468,544,325,463,597,463,46.59693,-0.645535,-10.780152
485,430,479,326,490,513,338,433,620,426,46.880383,-2.243652,-9.983879
428,426,422,323,433,508,280,428,561,423,48.024235,-4.854901,-7.416484
391,425,385,321,396,506,242,427,524,421,48.483408,-5.810458,-5.89864
355,424,349,322,361,506,206,426,488,421,48.856347,-6.329105,-4.643718
323,431,317,330,328,513,172,434,456,428,49.122843,-6.297162,-3.077629
303,456,297,355,308,537,152,458,435,452,49.131111,-5.966757,-1.45642
301,485,295,386,305,567,151,489,432,480,49.151967,-5.630559,0.45837
300,507,293,409,305,589,151,512,431,501,48.943257,-5.112762,1.975636
300,532,293,435,306,615,152,538,430,526,48.640554,-4.400606,2.893162
430,462,426,363,426,543,282,461,554,461,48.297897,-3.23712,3.137947
329,551,321,454,337,634,184,557,459,544,47.961168,-1.844098,3.095806
371,562,362,465,379,646,228,568,500,555,47.592656,-0.674429,2.73878
469,565,460,467,478,649,327,569,601,560,46.823037,2.007713,0.009346
511,567,502,469,520,651,368,570,644,562,46.523263,3.633216,-2.047036
558,568,549,469,567,652,414,571,694,563,46.318136,4.359746,-3.54241
591,568,582,468,601,653,447,571,729,563,46.410213,4.507497,-4.534983
618,567,608,467,627,652,472,570,757,563,46.602886,4.545813,-5.60514
639,565,630,464,648,649,492,567,780,560,46.890116,4.626302,-6.876982
656,549,649,448,665,634,509,551,798,545,47.234685,4.219792,-8.055166
367,484,362,385,363,565,215,484,491,481,47.232196,3.283939,-8.670391
660,532,653,431,667,616,512,534,802,528,47.30379,2.004466,-9.070116
660,515,656,413,666,598,513,516,803,511,47.363834,0.768659,-9.55194
661,496,658,394,665,579,514,498,802,493,47.381849,-0.399204,-10.761969
645,481,644,379,648,563,499,482,785,478,47.192666,-1.870944,-11.3128
596,460,596,358,597,541,451,460,734,457,47.122421,-3.097798,-11.405929
540,447,540,344,540,528,395,446,675,445,47.139438,-4.127768,-10.989661
498,444,499,342,498,525,353,444,631,443,47.175399,-4.599735,-10.165297
452,444,453,342,452,524,306,442,584,443,47.249186,-5.142052,-8.478844
405,443,405,341,404,523,257,441,536,442,47.360989,-5.782159,-6.443825
355,442,355,341,353,523,205,440,486,442,47.684641,-6.687352,-3.909789
322,453,322,352,321,533,171,451,453,452,48.35067,-6.80396,0.924248
312,480,312,380,311,560,162,478,443,478,48.398444,-6.230619,2.656351
316,534,315,436,316,616,170,535,445,530,48.146068,-3.405106,3.910787
359,556,356,459,360,638,215,558,486,552,47.931197,-1.790325,3.645461
404,570,399,473,407,653,261,572,532,566,47.818189,-0.217843,3.053609
451,576,446,478,456,659,310,578,580,572,47.57306,1.466398,2.234638
536,577,527,479,544,660,395,579,669,572,46.858062,4.104177,-0.952927
576,574,566,475,585,657,433,577,711,568,46.580989,5.017253,-2.708028
293,515,285,416,293,598,138,518,420,511,46.689869,5.556582,-4.545389
600,553,590,454,610,635,457,556,737,547,46.847554,5.136616,-6.236399
623,533,612,434,634,615,479,537,761,527,47.095992,4.407625,-7.450521
626,512,615,412,636,594,481,517,764,505,47.165581,3.407712,-8.519893
622,492,612,392,631,573,478,497,759,484,47.188513,2.220656,-9.061118
607,466,598,365,616,546,463,471,744,458,47.248578,0.627066,-9.536413
531,437,524,335,537,517,387,440,665,431,47.106312,-2.9137,-9.425085
504,432,498,330,509,512,360,435,636,427,47.301714,-4.341641,-8.374311
473,429,468,327,477,509,329,431,604,424,47.625236,-5.463257,-6.970948
443,427,438,325,447,507,298,428,573,423,48.1034,-6.288422,-5.193624
295,513,285,415,297,596,142,517,421,508,48.606829,-6.66624,-3.186011
410,426,406,324,414,505,265,426,540,422,48.979611,-6.439175,-1.057109
376,425,372,324,379,504,230,425,506,422,49.264256,-5.985592,0.962309
364,428,361,329,366,508,218,429,493,426,49.566389,-5.105254,3.113487
357,448,354,350,359,528,211,449,485,446,49.790184,-4.387195,4.786571
357,469,354,372,358,549,212,470,484,467,49.696825,-3.045351,5.2144
356,484,354,388,357,564,212,485,483,482,49.640544,-1.901936,5.075239
356,502,354,406,356,582,211,503,482,500,49.352068,-0.760649,3.961852
354,519,353,423,355,599,211,519,481,516,48.781785,1.130057,2.342119
354,534,353,438,354,614,211,534,481,531,48.144344,2.672741,0.556821
355,550,355,454,355,631,213,551,482,547,47.629791,3.556353,-0.938386
341,513,330,416,346,595,194,518,466,507,47.416457,4.211807,-2.180588
386,562,384,466,386,644,245,563,512,559,47.338101,4.358736,-3.395203
423,572,421,476,425,654,283,573,550,570,47.297445,4.363264,-4.916488
463,575,460,479,466,657,323,575,591,573,47.390345,3.977836,-6.619782
511,574,506,478,516,657,371,575,641,572,47.362219,2.905129,-8.18137
549,573,542,476,555,655,408,574,681,570,47.302216,1.549581,-9.588866
571,570,564,473,578,652,429,572,705,566,47.136546,-0.333257,-10.458116
578,559,570,461,585,641,435,561,712,555,47.225796,-2.355737,-10.170523
589,538,581,440,597,620,446,541,725,534,47.458839,-4.094494,-9.49228
590,516,582,417,597,598,447,519,726,511,47.786934,-5.909676,-8.177691
588,492,582,393,596,574,445,496,725,487,48.214097,-7.229808,-6.264752
422,513,407,416,429,594,277,519,547,506,48.242989,-7.899272,-2.036196
588,473,582,373,594,555,444,477,725,468,48.080758,-7.536555,-0.082786
587,459,582,357,594,541,443,463,726,453,47.967141,-7.042482,1.748618
587,451,582,349,592,532,443,454,723,445,48.158762,-6.584777,3.842381
560,446,555,344,565,527,416,449,695,441,48.246653,-6.182089,5.271237
520,440,516,339,525,521,376,443,654,436,48.236565,-5.590574,6.445338
474,437,470,336,479,518,330,439,606,433,48.172385,-4.898441,7.388053
427,434,423,332,432,515,282,436,559,431,47.860744,-3.677056,8.113887
396,429,391,327,401,510,249,431,528,426,47.538188,-2.485103,8.124128
375,427,368,324,379,508,227,428,506,423,46.978704,-1.155991,7.807069
353,424,347,321,358,505,204,425,485,421,46.597098,0.163454,6.608716
488,510,472,413,497,592,344,518,615,503,46.184984,1.367367,4.891234
320,421,314,319,323,502,169,422,452,419,45.478801,3.937205,0.038491
309,427,305,326,312,508,159,428,441,425,45.420652,4.179576,-1.905494
297,450,293,350,299,532,146,451,428,448,45.296346,4.231207,-4.112365
291,476,288,377,292,558,140,478,422,473,45.117112,3.828807,-6.414404
288,504,285,406,289,586,137,507,418,500,44.923175,3.107415,-8.867121
285,525,280,427,287,607,136,528,414,520,44.913965,1.425281,-10.458537
287,542,283,444,290,625,140,546,416,537,44.8915,-0.505171,-10.974185
308,555,304,457,312,638,162,559,438,550,44.99453,-2.507713,-10.342928
332,568,327,470,336,652,186,572,461,563,45.367868,-4.553064,-8.655409
544,507,527,409,554,589,399,515,674,499,45.898639,-6.221461,-6.311927
355,575,350,477,359,659,210,578,485,570,46.190066,-7.31545,-4.238512
395,577,389,479,400,662,251,581,524,573,46.633581,-7.735596,-2.013882
487,579,479,481,494,663,345,582,619,574,47.595255,-7.183093,1.875687
526,579,517,481,534,664,383,582,660,575,48.113929,-5.50462,3.823903
556,579,547,480,566,664,413,582,692,575,48.409867,-3.852116,5.047259
588,579,578,480,599,664,444,582,726,574,48.653995,-2.542555,6.204292
604,579,593,479,615,664,459,582,742,574,48.776331,-1.078919,6.193432
604,577,594,478,615,661,460,580,743,572,48.608913,0.276969,4.968129
603,554,595,455,613,638,460,557,742,549,48.415475,2.140983,3.381496
604,532,598,433,612,615,461,535,742,528,47.533814,4.323038,-0.112955
604,502,599,402,611,584,460,505,741,498,47.213454,4.683385,-1.449274
590,484,586,383,595,565,447,486,726,479,46.944116,4.965742,-2.893408
563,465,561,364,567,546,420,467,699,461,46.729306,4.985092,-4.391472
537,453,534,352,540,534,393,455,671,450,46.640469,4.632241,-5.716405
501,445,498,343,505,526,357,446,634,441,46.300736,3.890984,-7.454337
455,441,451,339,458,522,309,442,587,438,46.024581,2.958853,-8.253815
417,440,413,338,421,520,270,441,549,437,45.775156,1.570547,-8.691541
376,438,371,336,380,519,228,439,508,435,45.544641,-0.022932,-8.458372
350,437,344,336,354,518,200,438,481,434,45.441139,-1.233071,-8.410979
603,497,584,398,614,580,455,506,736,488,45.225831,-2.520215,-8.486512
335,445,330,344,339,525,186,446,466,441,45.079621,-3.745663,-8.277957
335,463,329,364,338,544,186,465,465,459,44.907292,-4.867213,-7.783763
327,479,322,380,330,560,178,481,457,475,44.856858,-6.129705,-6.899012
326,500,322,402,329,581,178,503,456,495,45.153974,-7.044073,-5.441438
326,523,321,425,329,604,179,526,455,518,45.387321,-7.905544,-3.778791
328,544,323,446,331,627,181,548,457,539,45.6645,-8.133645,-1.85736
332,561,327,463,335,644,185,564,461,555,46.112397,-7.902466,0.18182
350,575,346,477,353,659,204,578,479,570,46.720768,-7.140651,2.202399
380,589,375,491,383,674,235,592,509,585,47.085921,-6.128905,3.593383
416,599,410,500,421,684,272,602,546,594,47.340482,-5.059282,4.021214
636,480,615,380,650,564,487,491,772,469,47.594643,-3.704951,4.704737
447,606,440,508,453,692,303,609,578,602,47.637861,-2.134155,4.786828
475,613,468,514,481,699,331,615,607,609,47.586433,-0.505604,4.393976
504,616,495,516,510,702,359,618,636,612,47.430398,1.006244,4.361803
528,616,519,516,535,703,383,618,661,613,47.239969,2.088384,4.253468
551,616,546,352,558,703,406,618,685,613,46.998959,2.806836,3.251866
577,615,568,516,586,701,433,617,713,612,46.766411,3.223552,1.675159
604,612,594,512,612,697,458,613,741,608,46.727418,3.633134,-0.103043
622,588,613,489,631,673,477,590,761,584,46.638188,3.9807,-2.253961
627,567,617,467,635,651,480,569,766,562,46.40659,3.964233,-4.392099
625,548,615,448,634,631,479,551,763,543,46.575483,4.682652,-6.088291
630,478,607,378,646,561,482,490,766,466,46.723463,4.595213,-7.184389
621,532,611,434,631,615,477,537,759,527,46.664771,4.641681,-8.1626
610,517,600,418,620,598,466,521,746,510,46.572837,4.667706,-9.18473
567,497,557,398,577,578,425,502,701,490,46.33975,4.164542,-10.043218
536,482,526,383,27,210,394,487,669,475,46.048975,3.150332,-10.736756
506,472,496,372,515,552,364,477,638,465,45.696865,1.492701,-11.348031
479,461,469,361,488,541,336,466,610,454,45.517907,-0.19688,-11.764619
458,453,448,352,467,533,315,458,589,446,45.459318,-2.378182,-11.815761
433,446,423,345,441,526,288,450,563,439,45.805154,-4.056513,-10.793786
417,442,407,340,425,522,272,446,547,436,46.077081,-5.449185,-9.701439
398,439,388,338,405,519,252,443,528,433,46.231098,-6.451302,-8.689781
624,477,606,378,638,559,479,487,759,467,46.318402,-7.392721,-7.68081
375,437,366,337,382,518,228,441,505,432,46.273931,-8.078018,-6.746907
354,444,345,345,360,524,206,447,483,439,46.349213,-8.362505,-5.189042
329,465,321,366,334,545,181,468,458,460,46.664296,-8.554631,-3.068909
318,483,310,385,322,564,169,487,447,478,47.027239,-8.435962,-0.766777
313,503,307,405,318,584,165,507,442,497,47.39638,-8.341906,1.459371
311,518,304,421,315,600,163,523,440,513,47.689822,-8.154844,2.914513
310,534,304,437,314,617,162,539,439,529,48.034036,-7.973658,4.633776
310,549,304,453,314,632,163,554,438,544,48.312821,-7.482974,5.799599
317,561,311,465,321,645,171,566,445,556,48.189239,-6.628185,6.018231
348,573,342,476,353,656,204,577,476,567,47.793019,-5.155166,5.840412
610,465,595,366,621,547,465,473,744,457,47.339939,-3.436705,5.263632
377,581,371,484,383,665,234,586,506,576,47.0462,-1.452085,4.390218
450,599,442,501,457,684,308,603,580,594,46.477586,1.515079,2.267738
493,607,483,509,501,693,350,611,624,602,46.36496,2.676515,0.781979
530,609,519,510,540,694,387,612,663,604,46.403083,3.431228,-0.423058
546,609,534,510,555,694,402,612,679,604,46.43652,3.957719,-2.637961
553,607,542,509,563,692,410,611,687,602,46.489119,4.025373,-4.510007
553,595,541,497,563,680,410,599,687,590,46.674904,3.81113,-6.426359
552,569,541,471,562,652,409,573,686,563,46.747963,3.43201,-8.04943
566,442,554,342,574,523,421,449,697,435,46.658525,0.739799,-9.498155
552,523,543,425,561,605,410,528,687,517,46.469875,-0.412285,-9.869616
554,500,546,401,562,582,411,505,688,495,46.129465,-1.720472,-10.129217
543,464,536,364,549,546,399,468,677,459,46.376735,-4.99738,-8.519285
512,452,505,351,518,533,367,456,646,447,46.333012,-6.372235,-8.04241
470,443,462,341,476,524,324,447,602,438,46.20695,-7.582839,-7.364213
434,437,425,335,441,519,287,441,566,432,46.037869,-8.647589,-6.40014
392,436,383,333,398,517,243,439,524,431,46.252026,-9.672641,-4.769589
351,435,341,332,357,517,200,438,483,431,46.584622,-10.345765,-3.092304
316,435,307,332,323,516,164,437,449,430,46.611557,-10.928032,-1.83168
532,435,522,335,537,516,387,440,661,429,46.918905,-11.321199,0.777403
293,435,284,333,300,517,141,438,426,431,47.096576,-11.164388,1.891784
493,421,486,320,497,502,348,424,623,417,47.305918,-10.37022,3.054664
468,419,463,319,470,500,323,421,596,416,47.544318,-9.534345,4.412248
453,417,448,316,454,498,307,418,581,415,47.714397,-8.013647,5.6421
443,415,440,315,443,495,298,415,571,414,47.733894,-6.412048,6.234587
439,416,436,317,438,496,294,416,565,415,47.833024,-5.143566,6.134181
425,435,421,338,425,514,282,436,551,433,48.1187,-3.863074,5.40493
412,452,406,356,414,531,268,454,537,449,48.363176,-2.831299,4.409035
399,467,392,371,403,547,256,471,524,463,48.406343,-1.488269,2.956479
393,476,384,381,398,556,249,481,518,471,48.336593,-0.039988,1.027663
255,535,273,415,247,638,78,529,421,539,48.237658,1.038969,-0.195729
388,487,378,393,395,567,246,493,513,482,48.034654,1.774142,-1.618293
387,499,376,405,395,579,246,505,512,493,48.029498,2.651529,-2.812284
403,508,391,413,411,588,262,514,528,501,47.995691,3.139461,-3.745408
434,514,421,420,443,594,294,521,559,507,47.838823,3.605809,-4.999181
467,516,454,422,477,597,327,523,593,509,47.734478,3.668597,-5.639198
498,518,485,424,508,599,358,525,625,512,47.573975,3.214195,-6.800858
523,521,511,426,533,602,383,527,653,515,47.229894,2.112157,-7.875081
546,521,537,425,554,602,405,525,677,516,46.703628,-0.79341,-10.122231
546,508,538,412,552,589,405,512,677,504,46.492821,-2.202373,-10.542125
279,534,296,417,270,634,104,527,440,538,46.377804,-3.5702,-10.689225
543,491,537,394,548,571,402,494,673,487,46.385037,-4.787324,-10.382309
473,457,469,358,475,536,330,458,601,454,46.28294,-7.004595,-9.202523
442,450,439,351,443,530,299,451,570,449,46.357757,-7.90037,-7.875319
419,449,417,350,420,529,275,449,548,448,46.523318,-8.652401,-6.465166
399,448,396,349,399,528,254,448,527,447,46.616868,-9.392458,-4.996003
383,447,380,349,383,527,237,447,510,446,46.89809,-10.132263,-3.148418
372,447,371,350,370,527,226,447,498,447,47.011946,-10.727593,-1.673514
359,460,359,362,357,540,213,459,486,459,47.39013,-11.171451,0.33721
351,471,351,374,349,551,205,471,478,471,47.650668,-10.953667,1.697922
298,533,313,417,289,630,126,526,455,536,47.729007,-10.257914,2.341276
349,486,347,389,348,566,203,486,476,484,47.965362,-9.249538,2.650713
348,501,346,404,349,582,203,502,475,498,48.065715,-7.619061,2.603967
357,507,353,410,358,588,212,509,484,504,48.127128,-5.627623,2.594828
376,509,371,412,379,590,232,511,503,506,48.153247,-3.896795,2.59475
428,512,421,415,434,594,286,516,557,508,47.823752,-0.646426,1.571254
497,514,487,417,505,596,355,519,628,508,47.457322,1.790826,-0.186219
518,514,508,416,527,595,375,518,651,508,47.569228,2.720362,-1.8055
525,512,515,414,534,594,382,517,658,506,47.754658,3.406333,-3.770896
313,532,323,419,308,627,145,528,466,534,47.861273,3.737757,-5.366082
525,506,515,407,533,588,382,511,659,500,47.840656,3.68273,-7.228509
524,487,515,388,532,569,380,492,657,481,47.839055,3.562557,-9.085239
471,444,463,342,478,525,325,448,604,438,47.59227,2.109292,-11.691832
441,433,433,331,448,515,294,437,573,429,47.442839,0.764605,-12.134832
421,427,413,324,428,509,274,430,553,422,47.098246,-1.034037,-12.93577
401,423,393,321,408,505,253,426,533,419,46.921491,-2.993186,-12.993736
385,422,377,320,392,504,237,425,517,418,47.127858,-4.794955,-11.977552
367,422,359,322,373,504,219,425,498,419,47.130402,-6.592277,-11.032224
343,437,335,337,348,518,193,440,474,433,47.071806,-7.757769,-10.117156
359,518,364,407,357,610,197,515,508,518,47.073052,-8.505093,-8.826546
331,453,323,354,336,535,182,457,462,449,47.041698,-8.979199,-7.219408
326,467,318,369,332,549,177,471,457,463,47.098696,-8.920573,-5.483179
323,480,315,382,328,562,173,485,454,475,47.299135,-8.602256,-3.379646
323,500,315,402,329,582,175,505,453,494,47.528151,-8.119882,-1.321332
358,524,349,428,365,607,213,530,487,519,48.057262,-7.060565,2.450588
385,529,375,432,393,612,241,535,514,523,48.378828,-6.302989,4.059622
413,529,402,432,421,612,269,535,542,523,48.532329,-5.347024,5.161386
479,530,467,433,490,612,337,536,610,523,48.145546,-2.500534,4.468538
376,463,380,546,368,394,494,460,260,467,43.680661,-5.202765,-3.483854
349,577,342,647,349,518,446,576,253,575,44.983882,-5.876553,-2.776514
407,593,401,664,407,533,506,593,311,591,46.072269,-5.834696,-3.149329
416,593,410,664,416,534,514,594,321,591,46.922614,-5.185221,-2.984832
464,587,459,657,464,529,563,588,370,584,46.741286,-3.41735,-2.372749
487,582,483,652,486,525,585,584,393,581,47.586041,-2.430446,-2.913034
512,566,508,634,511,508,611,567,418,564,47.426689,-3.069556,-3.280792
524,512,523,580,521,455,624,511,430,512,47.683439,-2.932407,-3.870125
522,465,522,532,518,406,621,463,427,466,46.886073,-2.488208,-4.530534
364,455,368,538,355,385,481,452,248,459,46.742809,-1.553612,-5.255402
508,422,509,490,503,362,607,419,413,424,46.286433,-1.381992,-5.941681
479,416,481,484,474,356,578,413,384,418,46.288035,-0.49919,-6.916983
381,423,383,490,375,364,479,420,285,424,45.52695,1.487983,-7.403959
329,427,331,495,323,368,428,425,231,429,44.993851,0.280963,-6.379919
293,442,293,510,287,382,393,439,193,443,43.974701,-0.564158,-4.87347
294,476,291,545,290,417,393,474,193,476,43.539649,0.790832,-4.16633
300,505,295,574,299,447,399,504,201,505,42.788984,-0.124695,-2.831834
369,556,363,626,370,497,467,556,274,554,40.437988,-3.373957,-0.198351
429,582,423,653,430,523,528,583,335,579,38.042808,3.444354,-2.931503
550,596,546,669,549,536,653,598,453,593,39.158134,7.865248,-6.389136
561,595,498,387,560,535,665,597,464,592,40.416627,8.840414,-8.230272
562,587,558,658,562,528,666,590,465,584,41.138397,8.875291,-9.968193
561,552,557,623,560,493,664,554,464,550,41.187588,6.901292,-10.99238
559,522,555,591,559,462,662,523,462,520,41.19159,3.798411,-10.024617
482,441,479,511,481,381,585,441,385,441,41.121441,-4.25447,-4.994673
421,430,418,500,418,369,523,430,322,429,41.292762,-6.379699,-2.373244
376,441,378,523,368,372,492,439,260,444,40.897165,-7.24104,-1.158448
347,426,345,496,344,364,450,425,245,425,40.514992,-6.785024,0.150638
307,425,304,496,304,362,410,426,203,423,40.238396,-5.73796,0.525855
278,442,271,513,278,380,382,443,173,440,39.707318,-0.928332,-2.748719
284,484,276,555,285,423,387,485,181,482,39.671388,1.679286,-4.609233
288,513,280,584,289,452,390,514,186,511,39.465444,4.614607,-7.10701
329,546,321,618,331,485,430,546,229,544,39.499698,6.507056,-9.474302
433,603,427,677,434,541,536,604,335,600,39.47266,4.966094,-12.277254
387,446,388,527,380,378,502,444,273,449,39.330866,1.935399,-13.065819
509,602,503,677,510,540,614,605,410,599,39.567484,-1.145867,-10.868551
521,546,519,618,520,486,626,547,423,545,40.227543,-7.293913,-3.388251
519,505,518,575,517,444,623,504,421,504,39.878664,-6.196468,-1.593165
457,458,458,529,452,398,560,456,358,460,38.993977,-3.172999,0.372172
410,445,413,516,404,384,514,443,311,447,39.213226,-1.711253,0.222988
361,442,365,513,354,380,465,439,261,444,39.078166,1.588215,-1.022603
399,451,397,532,393,383,512,450,286,453,39.689212,5.812778,-5.462641
231,447,235,519,224,385,339,444,126,449,39.439684,6.50922,-7.878342
187,450,189,523,180,387,295,448,79,451,39.652868,5.818738,-10.603208
174,452,174,525,169,389,283,450,65,452,39.834664,4.392773,-12.047567
184,484,180,556,182,421,292,482,76,484,39.492154,2.566489,-11.596963
243,554,236,627,245,493,346,553,141,553,39.304211,-1.700799,-6.427326
321,583,313,656,323,522,422,583,222,581,39.096631,-3.515186,-2.946122
428,598,420,671,430,536,530,600,330,594,38.983042,-6.16208,2.085433
463,594,456,667,465,533,566,596,366,590,38.543266,-6.074979,3.370435
424,457,421,538,419,388,539,455,310,458,38.246512,-5.032872,4.518218
471,521,469,591,470,461,574,521,375,520,37.102004,1.876092,0.148996
470,439,469,509,467,377,573,437,372,439,36.190188,5.144171,-5.362855
467,401,468,473,464,339,571,400,369,402,36.000216,4.552289,-7.226379
465,369,466,442,461,305,570,367,365,370,36.416322,4.018437,-8.893415
442,342,444,417,437,277,548,341,340,344,37.055907,2.738253,-9.539122
338,320,341,396,332,253,447,320,233,321,35.986108,-1.581778,-6.807376
229,331,232,406,223,264,339,331,121,330,35.406895,-6.842924,0.665893
209,360,210,434,205,294,318,360,101,359,35.405136,-7.235067,1.384002
221,404,219,477,218,341,329,405,114,403,35.309752,-6.105215,1.326118
228,434,224,507,227,372,334,435,122,433,36.081567,-3.849218,0.61351
342,578,335,652,345,518,444,579,244,576,38.760586,2.352121,-1.089455
399,612,390,687,402,551,501,615,300,609,39.633252,4.876748,-2.089343
424,618,413,692,429,556,527,622,326,613,40.413498,7.40777,-3.207136
501,482,495,563,498,414,615,482,388,482,40.834218,8.085369,-4.826971
464,613,453,687,469,551,567,618,367,607,40.799691,7.554615,-6.778037
527,555,520,626,530,495,631,559,430,550,39.908136,4.716988,-14.11473
527,508,520,578,530,448,631,511,430,505,39.454437,3.427019,-15.202063
528,461,520,531,531,400,632,463,430,458,38.785823,1.718217,-14.793199
488,357,483,431,489,292,594,358,387,356,35.955055,-4.964952,-7.768967
454,334,450,409,454,268,561,335,352,332,35.692864,-6.919296,-4.130988
538,503,530,584,536,435,652,505,425,501,36.0927,-7.299964,-3.267343
401,306,398,383,400,238,510,308,296,304,35.738821,-7.072625,-2.135205
325,304,323,380,324,236,435,306,219,301,36.251174,-6.464289,-0.716022
265,308,262,384,264,241,374,311,157,304,36.672338,-5.466606,0.335978
156,313,152,389,156,245,269,318,44,308,38.01267,-2.173614,2.502759
166,336,159,411,167,270,277,341,55,331,38.674751,0.190315,2.264712
179,379,170,452,182,314,288,383,70,373,39.483947,4.003205,0.739618
186,423,175,495,190,360,293,427,78,418,39.809549,6.731438,-0.782378
254,527,242,599,261,466,357,530,153,523,39.745356,5.694048,-4.810864
554,507,542,587,556,440,669,511,441,503,39.034155,3.54034,-9.796433
292,568,278,641,299,507,394,571,192,563,37.823511,1.836165,-10.828737
333,602,319,676,341,541,435,606,234,597,36.611091,-0.512271,-10.093654
405,622,391,697,412,561,507,628,306,616,35.135856,-3.98485,-5.66942
459,616,447,690,465,555,562,622,362,610,35.136146,-6.047374,-2.868641
495,603,484,676,500,542,599,609,397,597,35.286776,-7.372569,0.802923
526,488,517,558,530,427,631,492,428,484,36.105285,-4.535687,4.651941
524,462,516,533,527,402,628,465,426,460,36.293651,-2.101736,4.1568
562,480,546,559,567,412,675,486,449,474,36.564864,0.380599,3.018229
521,433,515,504,524,371,627,434,423,431,37.063171,3.716485,0.7351
507,398,502,470,507,335,612,399,407,396,37.382865,6.267753,-1.929386
447,369,445,443,446,305,553,370,346,369,37.642248,7.069322,-5.341652
380,362,380,436,378,297,487,362,278,361,37.716878,7.468948,-8.623501
305,341,305,416,301,275,413,342,199,339,36.788721,7.231158,-10.219183
537,423,519,502,543,353,649,429,423,416,35.567124,-6.885689,-2.180912
211,541,204,614,213,480,315,541,107,540,38.179753,1.278117,1.280186
245,567,237,640,247,506,348,566,142,566,38.850553,3.292787,-0.786983
290,588,282,662,293,527,392,588,190,587,39.404594,4.54199,-2.634036
340,591,333,665,342,530,442,592,241,589,40.070357,5.382743,-4.651966
390,587,382,661,391,526,491,589,291,585,40.148911,5.373396,-7.281847
476,580,470,653,477,520,579,583,379,577,38.953593,4.079576,-15.08232
495,565,489,636,496,505,598,567,397,562,37.619449,2.364841,-15.167839
500,538,495,608,500,478,603,539,402,536,36.354795,-0.066822,-13.642423
498,509,494,579,498,449,601,509,401,507,35.733313,-2.775518,-10.895408
497,484,493,554,496,424,599,484,400,483,35.277524,-5.0103,-7.72663
482,412,481,483,480,349,587,412,383,411,35.190706,-6.86758,-1.516006
454,367,453,440,451,302,560,366,352,367,35.397442,-6.330169,0.165092
405,353,404,427,402,287,512,353,302,352,36.341422,-4.75345,1.04739
470,378,455,459,473,307,581,383,355,373,36.837126,-2.898781,0.970356
304,351,303,426,300,285,412,352,197,349,38.511994,3.177109,0.917753
259,415,253,486,259,352,363,416,154,412,39.729305,12.575263,-2.970821
292,463,284,534,294,402,394,464,191,460,39.75598,13.649487,-5.546346
338,513,329,584,341,453,440,515,238,510,39.601396,13.584654,-8.755211
429,362,417,444,430,290,541,366,313,358,37.892141,7.393676,-13.313547
437,581,426,654,441,520,539,585,339,576,37.085175,5.146478,-12.899147
506,570,497,641,509,509,610,574,408,565,35.180341,-5.292201,-5.859816
518,554,511,625,521,493,623,557,420,550,34.418471,-7.922294,-3.15268
521,525,515,596,522,465,625,528,422,522,33.396046,-8.565435,-1.805831
520,493,515,564,521,433,625,494,422,491,33.257687,-8.081933,0.319792
501,435,499,506,499,373,605,435,402,435,34.702299,-4.211518,3.031052
395,362,384,443,394,291,506,365,278,358,35.505243,1.589396,3.235055
385,412,385,484,381,348,490,410,283,412,35.808534,5.305775,2.274792
328,416,329,487,323,352,433,414,224,416,36.472312,8.072589,1.007522
296,420,298,493,290,357,402,419,191,421,36.822076,10.561621,-0.077901
302,426,302,498,297,363,407,424,197,426,37.10671,12.314437,-1.491653
311,462,308,533,309,400,415,461,208,461,37.455149,14.274342,-3.439826
318,495,312,567,317,434,421,495,216,494,37.633581,15.394855,-7.014686
373,534,365,606,374,473,475,535,273,531,37.566604,14.247927,-10.459585
415,567,407,641,418,506,518,569,316,564,37.287734,13.56294,-13.951488
455,581,448,655,457,519,560,584,356,577,37.182409,13.532209,-16.279641
482,577,474,651,483,515,586,580,382,573,36.319913,11.626474,-16.157415
383,368,373,447,381,299,492,371,267,365,34.969558,8.588678,-15.46535
497,548,491,620,497,487,601,550,397,545,33.961353,1.438798,-11.987144
494,503,491,574,493,442,598,504,395,502,33.569963,-2.416833,-9.927377
459,454,460,525,455,392,563,452,360,455,32.849515,-7.936159,-6.278405
411,444,412,515,406,381,515,441,310,445,32.896985,-9.150661,-4.608561
356,442,358,513,351,380,461,440,255,443,33.023616,-9.108921,-2.463969
297,445,299,516,291,382,402,443,193,446,33.676671,-7.500941,-0.069726
255,456,254,528,250,394,360,454,149,457,34.928088,-1.914317,2.563517
385,416,376,493,382,348,493,416,272,414,35.600401,0.733706,2.95317
252,476,250,547,248,414,357,474,146,476,36.183747,3.160448,2.753596
256,498,252,570,255,436,361,496,151,498,37.015917,5.011001,2.253554
260,531,254,603,260,469,364,529,157,530,37.847106,7.412149,0.741212
311,562,303,635,312,501,413,562,210,560,38.59355,9.905929,-1.956704
371,591,364,665,373,529,474,592,272,589,39.144429,10.869523,-5.094832
411,608,404,683,412,546,514,609,311,605,39.45664,12.149306,-8.83641
467,598,462,671,467,536,571,599,368,595,40.803912,17.423433,-16.316866
466,514,465,585,463,453,570,513,366,514,39.484115,16.573316,-19.418481
402,469,394,546,399,403,508,469,292,468,38.766323,15.239117,-19.282691
462,465,463,536,457,403,566,463,362,465,38.143181,13.162426,-18.45365
435,422,438,494,428,357,541,418,333,423,37.45449,10.014713,-17.354515
396,389,402,462,388,323,503,385,293,391,36.993715,5.727848,-15.863157
352,380,358,454,343,314,460,377,247,383,36.596604,1.720662,-14.436192
269,399,273,471,260,334,377,395,162,401,36.530857,-3.355064,-11.732084
242,435,244,507,236,371,350,432,134,436,36.302934,-5.246766,-9.914645
240,505,235,578,238,442,346,503,133,505,36.227498,-6.04506,-5.082968
244,538,236,611,245,476,350,537,138,537,36.245847,-5.40163,-2.604543
460,522,454,600,455,457,567,522,351,522,36.83853,-2.993232,0.883349
247,584,237,657,250,520,352,583,143,581,37.478512,-1.127722,1.430557
345,645,333,721,351,581,449,648,244,641,38.290925,2.801482,0.871451
446,509,445,580,444,448,550,508,346,509,38.943287,12.356006,-10.875677
513,552,509,632,507,486,623,551,403,552,38.432809,10.987053,-12.924952
422,441,423,512,416,378,526,438,321,442,37.002222,8.458684,-11.546175
397,412,401,484,390,347,503,409,295,413,36.116493,5.724034,-9.937532
362,389,366,462,354,324,469,386,258,390,35.134066,1.921442,-7.495364
228,418,232,490,220,354,336,414,120,420,33.83854,-4.487803,-2.288146
205,440,208,513,197,377,313,437,97,442,33.740096,-4.33109,-0.812385
187,467,189,539,180,403,296,463,78,469,34.196121,-3.126067,0.310338
193,492,193,565,189,429,301,488,86,494,34.483228,-2.092548,1.242652
200,522,198,594,196,459,306,518,94,523,35.176734,-0.711414,2.003903
256,555,252,628,254,493,360,552,153,555,36.83087,3.413899,1.684307
465,494,522,572,69,416,229,398,201,578,37.319641,5.227831,0.597594
359,591,355,665,358,528,462,589,259,590,38.167264,7.73994,-1.526564
417,593,414,668,415,530,521,592,317,592,38.595545,9.028484,-4.301036
468,586,467,660,465,524,573,585,368,586,38.853955,7.481627,-9.766789
468,579,469,652,464,518,572,577,369,580,38.978298,7.045926,-10.481443
466,547,468,619,460,487,570,545,367,549,37.576692,5.012493,-9.310414
449,473,456,544,441,411,553,468,350,476,35.235433,-0.086729,-5.636909
566,567,561,649,560,501,678,568,454,566,34.399104,-2.735695,-3.442487
433,449,441,520,424,386,538,443,334,453,34.482654,-4.443382,-1.299169
432,446,439,517,423,384,537,441,333,450,34.792184,-3.935342,0.189425
375,379,382,453,365,312,483,374,271,382,38.363482,5.213921,-1.530149
350,367,358,442,340,299,459,363,244,370,39.022869,6.239724,-2.967533
320,348,328,424,309,279,430,344,211,350,39.221753,6.976241,-5.271275
284,343,292,420,274,274,396,340,175,345,39.195819,6.878654,-8.183707
576,566,570,647,571,499,689,567,463,564,38.521222,5.052748,-12.203431
240,397,243,470,233,331,350,395,132,398,37.491807,2.58767,-12.277839
239,436,239,509,234,372,348,434,131,436,36.50927,0.500781,-10.796662
243,471,241,544,240,407,350,469,136,471,35.716442,-1.713943,-8.725885
273,538,268,612,273,476,378,536,169,538,35.265103,-5.911013,-3.333681
309,572,304,646,310,509,414,570,207,571,35.436391,-5.912567,-1.679107
407,616,401,692,407,552,512,616,306,613,37.217069,-1.441688,-0.388583
573,562,566,642,569,496,685,563,461,561,39.636722,5.540256,-2.689689
528,603,528,678,526,540,636,603,427,601,41.576728,11.120594,-5.948727
539,504,540,576,536,442,647,503,439,504,40.267356,7.888399,-12.244949
534,468,535,540,531,405,642,465,434,468,38.819896,5.424202,-13.541776
505,445,506,517,501,382,612,442,404,446,37.499231,2.993302,-13.6984
475,432,476,504,471,368,582,429,374,433,36.4104,1.113767,-13.419468
409,422,410,495,404,358,515,420,306,423,34.252545,-4.816651,-10.0069
566,528,558,607,564,462,678,529,455,526,33.547949,-7.351605,-7.553183
363,424,364,497,359,360,470,423,259,425,33.927814,-7.819764,-5.210375
314,426,316,499,310,362,422,425,209,426,34.761517,-6.730933,-3.681331
260,428,259,501,256,363,368,427,152,427,35.852541,-4.358298,-2.259481
229,444,226,516,226,379,338,442,119,442,36.739171,-2.303839,-1.44298
199,463,195,537,199,399,310,463,89,462,37.910289,-0.5456,-1.395534
197,496,190,569,198,432,307,495,87,494,38.950001,2.402197,-2.167428
202,536,194,610,205,472,311,535,95,534,39.753969,5.328513,-3.557074
235,567,227,641,238,503,341,566,131,565,40.230685,7.469955,-4.6834
308,578,300,652,311,515,413,578,206,575,40.852096,9.483533,-5.638017
364,582,355,657,367,519,468,583,263,579,41.122438,11.243931,-7.406323
519,488,510,566,517,421,630,489,407,486,41.170102,10.477805,-9.380393
513,580,511,654,511,518,621,581,412,578,39.384483,3.434128,-15.120215
509,557,509,630,507,495,617,556,409,556,38.444765,1.584543,-13.623015
503,480,504,552,500,418,610,478,403,481,36.926233,-2.798359,-8.939878
477,453,478,526,473,390,584,451,376,454,36.788956,-4.297715,-6.372892
473,454,463,532,472,386,584,456,360,451,38.113627,-4.136227,-0.067354
353,405,356,479,348,340,461,403,249,406,38.957548,-2.88179,0.020796
306,407,308,481,301,341,415,406,199,407,39.901429,-0.723797,-0.385946
183,447,180,522,181,382,294,447,72,446,42.167576,6.48628,-3.793607
202,522,192,597,204,458,310,522,93,520,41.832132,9.325547,-4.90675
224,554,212,629,229,491,330,555,119,550,41.99285,11.633382,-5.662818
281,577,269,652,287,514,386,579,178,572,41.81368,12.106771,-6.047878
414,418,404,497,413,348,526,421,299,415,41.874978,13.74539,-8.31616
377,596,364,671,383,533,481,599,276,590,42.053393,15.149841,-9.939103
432,595,421,670,437,532,537,599,332,589,41.091367,14.093892,-11.228962
492,591,485,667,495,529,599,595,393,587,39.960107,12.043446,-11.54883
506,586,502,661,507,524,613,589,406,584,39.797665,10.286532,-12.645466
501,527,498,600,500,466,606,528,401,526,37.854554,5.07099,-12.187597
491,479,489,550,489,417,596,479,391,478,37.304707,2.937013,-10.987824
464,437,463,510,462,374,570,437,363,437,36.784841,0.109964,-9.360968
380,396,379,470,376,331,487,396,276,396,36.244593,-4.810016,-5.713583
378,414,369,493,378,344,490,417,263,411,36.811404,-6.35516,-0.37365
350,399,348,473,347,334,457,400,245,398,37.668712,-4.833035,2.179762
308,400,306,474,305,335,417,401,201,398,37.971047,-3.988259,3.292085
256,397,254,472,254,331,366,399,147,395,38.24657,-2.213408,3.739603
209,400,206,474,207,333,320,402,98,397,38.650613,0.947636,2.980088
170,466,163,540,171,401,281,466,59,463,39.497584,8.031332,-1.308201
173,505,165,579,174,441,282,505,64,503,39.424436,8.829368,-2.532276
196,537,188,612,197,474,303,536,89,536,39.308329,9.314343,-4.292451
248,567,240,642,251,504,354,567,144,565,38.88622,8.950643,-6.4848
349,419,339,498,347,349,460,421,232,415,39.016981,8.511754,-8.628576
355,607,347,683,359,544,460,609,254,605,37.534895,6.059442,-13.202897
399,604,391,680,402,541,504,606,299,601,36.558632,4.703335,-14.799063
445,600,438,675,448,538,550,603,346,597,35.830783,2.646948,-15.049405
469,587,462,661,471,526,575,590,369,584,35.321849,-0.345326,-13.470313
477,552,471,624,479,491,583,554,378,549,35.162814,-2.687868,-10.595425
475,516,470,588,475,455,580,517,375,514,35.015187,-3.406008,-7.202267
467,439,464,511,466,376,572,439,366,438,35.299176,-4.466022,-0.831552
315,424,305,503,313,355,427,426,197,420,37.381803,-3.522141,2.45248
377,378,376,452,375,313,485,379,273,377,37.975924,-1.766261,2.240154
323,378,322,452,321,312,432,379,218,375,38.551142,0.210968,1.698445
255,381,253,455,254,316,365,383,148,378,38.879957,3.214735,0.409851
200,385,195,459,200,320,310,388,91,382,39.298877,5.451461,-1.101386
142,447,130,521,147,383,253,451,31,441,39.69709,8.821048,-4.138521
150,484,137,558,157,421,260,488,41,478,39.634331,9.631327,-6.595083
158,524,142,598,166,462,266,528,50,519,39.119721,9.319277,-9.010795
192,556,175,630,201,494,297,560,88,551,39.09632,9.155203,-11.990891
248,581,231,655,258,518,352,585,146,574,38.283057,7.740559,-14.332124
300,432,291,511,299,364,412,434,183,429,37.17325,4.880393,-15.370466
368,623,351,698,378,560,472,629,269,615,34.582767,-0.104458,-13.494746
406,619,391,694,414,557,510,625,306,612,33.635301,-2.187251,-11.135701
443,614,431,688,449,552,547,619,344,608,33.189733,-3.608682,-8.63896
444,461,443,532,441,400,547,461,345,461,37.776181,-0.043623,0.7341
301,466,292,545,299,399,412,467,185,465,38.339255,3.211076,-0.952122
395,434,395,505,391,372,498,433,294,434,38.78316,6.658935,-2.266265
182,409,182,482,178,344,292,410,74,407,38.207962,10.334964,-9.696791
169,410,167,484,166,345,279,412,59,408,38.106937,10.656944,-12.0482
162,414,158,487,160,349,272,415,52,411,37.648382,9.908678,-14.403037
180,451,173,523,181,388,286,452,74,448,36.590413,6.43545,-16.366761
228,474,220,545,231,412,332,475,125,471,36.119297,3.62844,-15.630125
320,514,313,593,318,448,429,513,208,514,36.028872,0.777124,-14.195322
360,521,353,593,362,460,463,522,261,519,35.317146,-3.95964,-9.368503
379,528,371,600,381,467,482,529,279,525,35.158614,-5.881213,-6.816752
398,534,390,606,401,472,502,536,298,530,35.160362,-5.929717,-4.319238
400,535,390,607,403,473,504,537,299,531,35.226059,-5.000557,-2.231085
397,534,388,605,400,472,500,536,296,529,35.4642,-3.573364,-0.321872
393,532,385,603,395,471,496,533,292,529,35.882587,-1.083623,0.462654
385,532,378,604,387,471,488,533,285,530,36.555036,1.269226,0.44068
363,535,356,605,364,474,465,535,262,532,37.341119,4.216467,-0.681017
345,536,337,607,347,475,447,537,244,533,37.754776,7.035941,-1.90982
369,549,364,628,365,482,478,547,257,549,38.106056,9.563371,-3.546743
341,540,331,610,344,479,442,541,240,536,37.75176,11.794955,-8.675211
340,543,329,612,344,482,441,544,240,538,37.197261,10.670992,-11.751912
341,548,330,618,346,487,442,550,242,543,35.02535,7.316211,-16.713722
344,551,333,621,349,491,445,553,246,547,33.915055,5.056883,-17.262888
351,557,340,627,355,496,451,558,252,552,33.17193,2.472061,-16.296773
355,558,345,628,359,497,455,559,257,553,32.659373,-0.221319,-14.580459
365,558,356,628,368,497,465,559,267,554,32.182574,-2.369342,-11.960894
396,555,391,626,396,494,498,554,297,553,35.245439,-4.436112,-0.961429
406,550,400,622,405,489,508,550,305,549,36.812872,-3.07187,-0.194088
422,539,418,612,420,477,525,538,320,539,38.777231,0.849774,-1.311891
432,534,427,609,430,472,536,534,329,534,39.142995,3.183584,-2.387156
500,593,495,675,495,525,613,593,388,592,39.395496,9.544112,-15.496255
518,590,512,671,515,522,632,591,405,588,37.751207,8.386366,-16.328834
536,572,529,652,534,503,651,573,423,569,36.770265,6.786693,-14.703884
532,550,525,629,530,482,647,551,420,547,36.394875,5.210114,-12.783149
526,506,519,584,525,438,640,507,414,503,36.072401,3.155262,-9.813688
515,463,507,540,514,394,628,463,404,460,36.402654,1.318633,-6.258515
453,434,447,512,451,366,565,435,342,433,36.466728,0.830001,-5.051552
402,417,395,495,400,349,513,419,290,415,35.894481,0.462261,-4.125732
336,416,330,493,334,348,447,417,223,413,35.562712,1.251578,-3.89814
295,418,290,494,293,351,406,419,183,416,35.655035,2.141425,-4.694221
282,422,277,498,280,357,391,423,171,421,36.301431,1.916215,-5.623325
287,454,281,528,285,390,393,454,179,453,36.83436,1.846989,-7.743836
308,484,303,557,307,422,412,484,205,483,36.399362,2.62837,-8.59032
436,534,431,607,434,473,538,534,336,533,35.559987,2.145258,-8.744334
484,553,481,626,483,492,588,553,385,551,35.081648,2.063456,-8.605983
565,567,560,641,563,506,670,569,464,565,34.924024,0.914956,-7.480338
589,562,583,634,588,502,694,565,488,559,35.447866,-0.010779,-6.720706
560,494,552,564,562,435,662,497,462,491,36.584389,-0.746842,-5.501331
504,465,494,534,507,405,604,468,406,461,37.170777,-0.780529,-4.994975
450,450,439,518,453,389,549,453,352,445,37.588631,-0.743424,-4.76385
413,453,402,521,416,393,512,456,314,448,37.658555,-0.317259,-4.830138
351,462,342,530,352,402,450,464,251,458,38.25077,-0.10221,-5.466508
350,472,341,541,351,413,448,473,250,469,37.77527,-0.623655,-6.051602
431,557,421,627,433,498,528,559,335,553,38.427741,-0.478858,-7.610833
389,466,395,552,381,395,512,463,271,471,39.201652,-1.63748,-7.065389
528,595,518,667,530,536,629,600,431,590,41.097593,-2.097166,-6.796834
527,592,517,663,529,533,627,596,430,587,40.935055,-1.306214,-6.908645
525,575,517,644,527,516,625,578,429,571,41.311293,-0.677041,-6.950125
522,541,515,610,523,483,621,543,426,538,40.754298,-0.29943,-6.664176
518,514,513,581,517,455,617,514,423,512,41.422608,0.10702,-6.619736
490,452,489,520,487,392,590,450,394,452,42.05563,1.273486,-4.166164
467,417,467,487,461,356,567,415,369,419,42.641827,1.679493,-3.52312
436,403,437,473,430,341,537,400,338,405,43.49346,0.613066,-2.070675
396,406,398,476,389,345,496,403,297,408,43.577611,0.501421,-1.301637
347,409,349,479,339,348,447,406,246,411,44.078595,1.157615,-0.800593
288,412,291,482,280,351,390,410,186,414,44.261518,1.426287,-1.339554
246,416,248,486,239,355,349,413,142,417,44.037822,0.403548,-1.969929
216,434,217,504,209,373,319,431,111,435,43.465302,0.416591,-3.092114
212,456,211,526,206,396,314,454,107,458,42.676067,1.066413,-4.272457
218,482,216,552,214,422,320,479,115,483,42.409939,1.00655,-5.451463
227,506,223,576,224,447,326,504,127,506,42.005288,0.757041,-6.084145
290,544,285,613,290,485,388,542,192,543,41.903067,1.187617,-6.377525
432,548,429,622,430,488,534,548,333,548,38.911444,-5.68688,-3.033703
251,447,243,518,251,388,352,450,147,445,38.367474,-3.349212,-2.359484
225,530,217,601,227,471,326,531,124,529,38.368373,-0.116236,-2.670309
248,550,238,621,250,492,346,551,149,549,38.748247,3.586691,-4.087658
436,562,428,632,438,506,533,565,342,560,38.288599,2.515571,-14.340949
464,547,457,616,465,490,561,550,370,544,37.575579,0.391094,-14.870976
476,515,470,584,477,459,574,518,382,513,37.202855,-1.911179,-14.718858
473,471,467,539,473,413,571,473,378,469,37.250018,-4.345802,-13.577138
468,435,463,504,468,377,567,436,373,434,37.758085,-6.153847,-11.339355
252,478,243,549,252,419,352,480,148,477,38.593274,-6.814901,-7.352331
463,407,459,476,462,347,562,408,367,406,39.707458,-6.836733,-4.957102
358,376,355,448,356,315,459,378,259,375,40.507366,-2.981391,-2.564826
300,379,297,450,298,318,402,381,199,377,40.534762,-0.1378,-2.564551
266,383,263,454,265,323,369,386,164,381,40.504562,2.614403,-2.930582
242,426,236,496,241,366,344,428,139,424,40.453906,4.649485,-4.632048
225,511,217,583,227,453,327,513,122,511,39.875628,5.674971,-9.236997
226,543,217,615,228,484,328,544,124,542,39.219698,4.877937,-11.655988
228,560,218,633,230,502,328,561,126,560,38.548092,3.176049,-13.452763
256,516,247,588,256,458,355,517,153,515,37.796788,0.770712,-14.505669
443,568,437,638,444,511,540,570,349,566,36.601157,-6.766191,-7.707934
485,560,479,630,486,503,583,563,391,558,37.173328,-6.533398,-4.505627
504,529,499,598,505,472,604,532,410,527,37.972928,-5.728136,-1.817404
502,471,497,539,502,413,601,472,407,470,39.231992,-2.578385,-1.100777
498,444,494,513,498,387,597,446,404,444,39.628235,-0.081374,-2.444318
481,409,477,479,479,350,580,410,384,409,39.96679,2.588946,-4.180422
259,545,251,616,259,486,358,545,159,545,39.99252,5.121998,-5.966665
449,377,447,448,447,316,550,378,352,377,39.773708,6.439962,-7.625475
415,354,414,427,412,293,517,355,316,355,39.392498,6.188527,-9.600813
358,349,358,421,355,286,461,350,258,348,38.567339,4.009849,-11.580418
301,352,299,424,298,290,403,354,199,351,37.710099,0.893716,-12.348827
252,390,250,462,249,330,355,392,149,390,36.816728,-2.12522,-12.98579
208,485,202,557,207,426,312,486,104,486,35.989766,-6.502503,-12.403324
209,519,202,591,209,460,312,519,105,519,36.091952,-7.637733,-10.901168
210,546,203,619,211,487,312,546,107,546,36.308777,-7.736861,-7.922733
210,569,202,642,211,510,311,569,108,569,36.766249,-7.338254,-4.106464
328,560,323,631,327,502,425,560,232,560,37.27976,-5.639028,-0.787801
252,579,244,652,253,520,351,579,152,579,37.653679,-3.681472,0.773749
301,580,294,652,303,522,400,581,204,579,38.075525,-1.501024,0.962776
371,579,364,650,373,521,469,580,276,577,38.467318,0.994318,0.16963
428,576,422,646,430,518,526,578,335,574,38.799743,3.682663,-1.331894
473,558,467,627,474,501,571,560,379,556,38.810176,5.98111,-3.366322
514,513,510,582,514,456,614,514,420,512,38.13867,6.128476,-8.416714
507,458,503,527,506,400,607,458,412,458,36.684738,2.446446,-12.349247
502,433,500,502,500,374,602,433,407,434,35.980935,0.262027,-13.933405
486,410,485,480,483,351,586,410,391,411,35.204407,-3.233166,-14.667708
454,395,453,465,450,335,554,394,357,396,35.315527,-4.359151,-13.216448
413,389,414,459,409,328,514,388,316,390,35.758055,-5.361568,-10.729907
373,390,374,461,369,329,474,390,275,391,36.421099,-5.835487,-7.859676
330,392,329,462,326,332,431,392,230,392,37.392612,-5.103068,-4.883266
281,398,280,469,278,338,383,399,180,398,38.291977,-3.409337,-3.217332
240,422,238,493,238,363,343,423,138,422,38.986443,-1.376507,-2.615601
215,454,211,525,214,394,319,454,112,453,39.857429,0.617867,-2.945638
207,485,201,556,207,425,311,485,104,484,40.476671,2.625194,-3.658711
209,519,201,591,211,460,312,520,106,519,40.870052,4.187669,-5.433392
440,562,439,633,435,505,537,561,345,563,40.953049,5.379198,-8.283057
209,555,200,627,213,496,312,556,108,555,40.765359,6.148162,-11.877623
407,601,397,673,410,543,504,605,313,598,38.557074,0.289493,-19.496589
482,598,474,669,485,541,581,602,389,594,37.680764,-3.653023,-17.128473
497,568,490,637,499,511,596,572,403,565,37.61517,-4.704899,-14.348499
488,490,483,558,488,433,586,492,394,489,37.539328,-4.668564,-8.870835
482,450,478,518,481,393,580,451,388,450,37.887985,-2.915236,-4.68526
460,415,459,483,459,356,560,415,366,415,38.251952,-1.211371,-3.651569
380,380,381,450,376,319,481,379,283,380,39.141041,4.296869,-4.551244
333,381,335,451,328,320,434,381,234,382,39.655163,6.873346,-5.648873
274,384,275,455,269,324,376,384,173,385,39.93781,8.74096,-6.487242
219,409,219,479,215,349,323,408,116,410,39.922138,9.525704,-7.417787
177,450,175,522,174,391,282,450,73,452,39.526609,9.229685,-8.582067
161,501,157,573,160,441,266,500,56,502,38.992368,8.263415,-9.756917
165,542,160,614,165,482,270,540,61,543,38.564341,6.577044,-12.027655
474,524,473,593,469,467,572,523,379,525,38.071362,4.094806,-13.389695
171,576,165,649,172,516,274,574,68,577,37.473198,1.428638,-15.191896
347,657,339,731,349,596,446,657,250,655,35.569412,-4.707911,-13.163777
447,650,441,723,448,591,546,652,352,648,35.157695,-6.109418,-7.957627
501,566,497,636,500,509,599,569,407,565,36.110701,-4.536562,-3.288123
508,517,504,585,508,460,607,519,414,516,36.558601,-2.756142,-1.74378
476,482,474,551,471,424,574,481,380,483,37.647265,2.61099,-1.322863
500,430,497,498,499,372,599,431,406,430,38.138175,5.190451,-2.331083
468,399,466,468,466,340,567,399,373,399,38.477403,7.127948,-4.266004
421,383,421,453,419,323,520,383,326,383,38.65467,8.555333,-6.648492
373,377,373,447,370,317,473,378,276,377,38.608512,8.620876,-9.539154
320,380,319,450,316,320,419,381,221,380,38.294326,7.294401,-12.12639
283,385,281,454,280,325,383,386,183,384,37.674299,4.77056,-13.602218
243,462,239,531,240,404,343,462,142,463,36.229355,-1.474067,-15.098099
245,498,241,568,244,440,345,498,145,499,35.710804,-3.920091,-15.04747
247,534,241,605,247,477,347,534,147,535,35.585798,-5.330279,-14.300715
458,546,453,619,456,486,559,547,359,545,35.562643,-6.281357,-11.575367
476,447,474,516,472,389,574,446,380,448,35.801953,-6.218977,-8.302829
248,561,241,632,249,503,347,560,149,561,36.17051,-5.556171,-5.290479
259,580,251,652,260,522,356,581,161,580,36.65561,-4.634123,-2.98059
352,596,344,667,354,538,449,597,258,594,37.483371,-1.205494,0.095966
444,589,437,658,445,533,540,591,352,587,38.175686,2.887394,-0.462631
502,482,497,548,501,425,599,483,409,481,39.635892,9.306854,-5.227511
498,444,495,511,497,387,595,444,405,444,39.619243,10.481746,-7.21637
476,420,473,489,472,361,574,420,379,421,39.262171,9.819692,-10.051515
494,414,492,481,492,356,591,413,401,415,38.680072,6.783391,-12.744087
484,390,482,459,480,332,581,389,390,391,38.064637,3.219787,-15.082323
446,377,446,446,442,318,544,376,351,378,37.356555,-0.043069,-15.853634
404,376,405,445,399,316,502,375,308,377,36.786408,-2.636413,-15.803714
365,377,366,446,360,318,463,377,269,378,36.405738,-4.571032,-15.052747
321,382,320,450,316,324,418,382,223,383,36.142964,-6.082298,-13.744215
269,425,267,493,265,367,367,425,169,425,36.076509,-6.778871,-11.669917
240,473,235,542,238,416,339,473,140,474,36.11481,-6.785334,-9.188262
223,514,216,583,223,456,322,513,123,513,36.300116,-5.791926,-5.544675
225,547,216,616,226,489,323,547,125,546,36.612478,-4.294741,-2.742945
439,405,436,475,435,346,536,406,341,406,37.033023,-2.801698,-0.446573
285,588,275,659,288,532,380,590,190,587,38.132451,0.29746,1.360513
414,588,406,657,415,532,508,590,322,586,39.03351,4.299435,-0.060192
495,510,491,577,494,454,591,511,402,509,40.026978,8.158024,-4.699986
490,471,487,538,489,415,587,471,397,471,39.849359,7.963134,-6.603866
487,437,484,504,485,379,584,437,393,437,39.25974,7.136945,-8.740769
381,405,378,475,377,346,479,406,283,405,38.145254,4.037154,-13.296262
476,374,475,443,473,314,575,374,382,375,37.490078,2.05635,-14.555036
441,356,440,427,437,296,540,356,344,357,36.651447,-0.02642,-15.068741
392,351,392,422,388,291,492,352,295,352,35.825739,-2.417025,-14.762923
340,353,339,424,336,293,439,354,242,353,35.236089,-4.747397,-13.816076
295,357,294,427,292,297,395,359,196,357,34.87707,-6.59516,-11.951999
267,391,265,461,265,332,368,393,167,391,34.727636,-7.279711,-9.127221
250,430,246,499,249,372,350,431,150,430,34.889344,-7.723086,-6.000473
241,466,235,536,241,409,341,468,140,465,35.041883,-7.230845,-2.612029
238,499,230,569,240,442,338,500,138,498,35.439861,-6.277889,-0.803264
238,525,228,596,241,468,336,527,139,524,35.986634,-4.43318,0.72844
336,407,332,477,332,348,434,409,236,406,36.773308,-1.93242,0.831514
362,573,353,643,364,516,457,575,269,571,39.149497,6.800278,-2.534836
496,557,491,625,497,501,593,560,404,555,40.314884,8.898458,-8.635324
493,520,488,587,494,465,590,523,402,518,39.984832,6.96518,-11.365414
472,404,468,472,471,346,569,406,378,404,37.58494,-1.670242,-16.79842
300,411,295,480,297,352,398,413,199,410,37.029147,-4.396884,-16.022203
437,377,433,446,435,318,534,378,342,376,36.479661,-6.681381,-13.842605
402,357,399,428,400,298,500,359,305,357,35.919798,-8.825811,-11.338101
357,350,355,421,354,290,456,352,259,349,35.67694,-10.781622,-8.1719
309,352,307,423,306,292,409,355,210,351,35.907848,-11.414793,-5.368247
267,357,264,427,265,297,368,360,167,355,36.475922,-10.206601,-2.955911
228,383,224,453,226,323,329,385,126,381,37.101864,-7.493579,-1.015178
223,424,218,494,223,366,324,427,122,423,37.763389,-4.059979,0.281547
227,466,219,535,228,409,326,469,126,465,38.236318,-0.302727,1.063311
230,503,221,572,232,446,328,505,131,501,38.826774,3.160458,0.27652
232,541,222,610,236,484,329,542,135,539,39.392932,5.993468,-1.289985
278,443,271,513,276,385,376,445,176,442,39.825061,8.271799,-3.354442
378,578,368,648,381,522,472,581,285,575,39.608243,8.528529,-10.62079
425,576,415,645,427,520,519,580,333,573,39.042184,6.613586,-12.459421
451,567,442,634,453,512,545,570,359,564,38.642444,3.876437,-13.774907
480,533,472,600,482,478,574,537,389,531,38.211647,0.712483,-14.15977
504,497,496,563,505,442,599,500,412,495,37.511197,-1.590986,-14.095103
508,431,501,498,509,374,604,433,416,430,36.284656,-5.422506,-12.018701
505,399,498,467,506,342,601,402,412,398,35.903268,-6.680503,-10.296581
272,486,263,556,271,428,369,487,170,485,35.830858,-7.126315,-7.937495
477,366,471,435,478,306,574,368,383,364,36.088025,-6.733893,-5.888449
454,346,448,416,454,286,552,348,358,344,36.49771,-5.13527,-3.283317
414,339,409,410,414,278,513,342,317,337,37.063567,-2.94426,-1.136957
304,344,299,415,303,284,403,348,205,342,38.459532,2.762331,0.077855
239,414,232,483,239,356,339,417,137,412,39.829985,7.426464,-1.821142
238,465,229,534,239,408,337,468,137,463,40.237409,9.05149,-3.481403
242,512,231,581,244,454,340,514,141,510,40.563394,9.738469,-5.389351
243,552,231,622,247,495,340,554,144,550,40.450658,9.517517,-7.279317
272,519,263,589,273,462,369,520,172,519,39.782785,8.280091,-9.329028
271,586,259,657,276,529,367,588,175,583,38.847374,5.540847,-12.061599
387,598,377,668,391,541,481,601,294,595,36.797818,-0.826498,-15.129673
526,529,519,596,528,473,623,533,434,526,34.871531,-6.712367,-11.133195
524,500,517,567,525,444,621,503,431,498,35.048289,-7.027372,-7.324598
519,465,513,532,520,409,616,467,426,464,35.766053,-5.90665,-4.331882
515,429,510,497,516,372,613,431,357,428,36.642052,-4.052931,-1.764007
511,398,505,467,510,340,608,399,416,398,37.409154,-1.768222,-0.637508
482,375,477,444,481,315,580,376,386,374,38.835489,3.576829,-0.507199
437,360,433,430,435,300,535,361,340,359,39.274278,6.10047,-1.406203
395,352,392,423,393,291,494,354,297,351,39.593432,8.647528,-2.507802
339,352,335,422,337,290,438,354,239,350,39.73454,10.166229,-3.925021
269,353,265,423,267,292,370,356,168,350,39.689321,11.059225,-5.77695
214,358,209,429,213,298,316,362,111,355,39.505763,10.764767,-8.346887
191,381,183,451,191,321,293,385,86,377,39.100658,9.372363,-10.559418
191,407,182,477,193,347,293,411,88,403,38.387818,7.134078,-12.26102
199,444,188,513,202,386,298,448,98,440,37.56573,4.373039,-13.348063
227,482,215,551,231,425,324,486,129,478,36.721105,1.524671,-14.110721
466,534,459,605,465,474,567,536,366,532,35.820148,-0.784718,-14.352261
275,517,262,585,280,460,370,520,179,513,34.87415,-4.535858,-12.118828
337,548,324,617,342,492,431,552,243,544,34.936428,-5.842218,-9.535947
512,584,502,653,515,528,608,589,419,579,36.283198,-5.260263,-0.737702
542,578,533,646,545,522,639,583,450,574,36.744222,-3.108256,0.200065
562,559,554,626,563,503,659,563,469,555,37.175606,-0.329651,0.013055
557,496,551,562,556,440,653,497,402,503,38.131157,5.372786,-2.903973
551,461,546,527,551,405,647,462,459,460,38.4411,7.934728,-4.219296
403,563,396,634,403,507,498,565,309,562,38.736523,9.545327,-6.245624
545,429,541,495,544,372,641,429,453,429,38.85015,10.540238,-7.901426
540,400,536,467,538,342,637,399,447,401,38.89803,10.50533,-10.558238
532,377,529,445,529,319,629,376,438,379,38.440028,9.222847,-12.652184
483,364,482,433,479,305,581,363,389,366,36.955715,4.224957,-15.399522
404,367,403,437,401,308,502,368,308,368,35.372652,-1.490772,-14.070082
357,368,355,438,354,308,456,370,260,368,34.799366,-4.032176,-12.924815
316,370,314,439,314,310,416,372,218,368,34.529219,-5.796546,-11.14077
269,377,265,446,267,317,369,379,168,375,34.489385,-6.638461,-8.351977
244,438,237,507,244,380,343,440,143,436,35.740956,-2.742566,-2.280563
359,578,351,648,362,521,455,580,266,576,37.392373,7.193555,-1.394243
457,589,451,659,456,532,553,591,364,587,37.853106,11.35554,-4.575312
494,560,493,628,491,504,591,560,402,560,37.737639,11.696748,-8.990079
499,561,495,631,497,504,596,562,404,560,37.606298,10.024486,-11.68756
496,522,496,589,492,467,593,522,404,524,37.061207,7.489987,-13.846819
492,487,493,553,487,431,589,485,400,489,36.353422,4.369196,-15.112161
485,403,487,471,479,346,582,401,392,407,34.610771,-2.534816,-14.5916
389,349,392,419,384,288,488,347,293,350,33.965564,-8.04366,-8.06521
275,377,271,446,274,317,375,379,176,375,35.983817,-1.572001,-0.082392
254,413,248,481,254,354,354,416,154,410,37.385351,3.045138,0.105924
252,452,243,520,253,394,350,454,152,449,37.96992,5.724009,-0.933185
256,484,246,553,258,427,353,487,157,482,38.399446,8.150384,-2.069958
288,536,277,605,291,480,383,539,193,534,38.837825,10.974201,-5.816795
343,545,334,614,346,489,438,548,250,542,38.777508,11.531901,-7.949605
394,545,385,614,396,490,488,548,302,543,38.560656,11.422155,-10.901732
456,543,449,611,457,488,550,546,365,541,38.113429,10.211873,-14.094579
494,539,489,606,493,484,589,541,402,538,37.243229,8.523975,-16.668441
535,478,533,545,532,423,632,478,443,479,34.732414,2.463773,-14.875532
528,443,528,509,525,386,625,441,436,445,34.191404,-0.257255,-12.684028
515,411,515,478,510,354,611,409,422,413,33.770074,-2.840853,-10.263867
474,382,475,450,468,324,570,380,380,384,33.610401,-4.74321,-7.074969
403,346,404,416,397,286,500,345,307,347,34.173462,-6.239213,-1.236788
360,345,360,415,356,285,458,346,263,346,34.935793,-4.840179,0.53902
325,347,323,417,321,287,423,348,227,346,35.908996,-2.997055,1.697234
290,350,286,419,287,290,388,352,190,348,36.817257,-0.90067,2.035733
281,374,275,442,280,315,379,377,182,371,37.579301,1.231243,1.213354
497,484,494,552,493,428,593,484,402,485,38.111824,3.782154,0.658683
283,441,273,509,286,384,379,445,185,438,39.001319,8.217053,-0.458566
286,466,275,533,290,410,381,470,190,462,39.47836,9.623817,-1.442816
320,489,308,556,324,434,413,493,226,485,39.772048,10.304472,-2.745056
475,543,467,610,477,488,569,546,384,540,38.017612,10.035185,-10.372748
502,541,496,608,502,485,597,543,411,539,37.445177,8.728283,-12.702589
527,537,523,604,525,482,622,538,435,536,36.797361,6.615967,-14.197085
468,445,466,513,464,388,564,445,373,446,36.097826,4.46587,-14.574555
532,514,530,580,530,459,628,514,441,514,35.460133,2.116506,-13.540909
528,478,526,544,524,423,623,477,436,479,34.983143,-0.638364,-12.012938
518,335,515,405,514,274,616,334,422,336,36.438322,-6.388203,-1.788495
511,320,508,391,508,258,610,319,415,321,37.631416,-4.479783,-0.294353
484,320,481,391,482,258,583,320,387,320,38.728026,-1.992645,0.046455
450,323,446,394,448,262,548,324,353,323,39.549193,0.34529,0.068261
402,327,398,397,399,266,500,328,304,326,40.081678,3.120711,-0.32512
432,414,430,482,429,355,529,414,337,414,40.511682,6.111421,-1.210684
305,356,300,425,303,296,403,358,205,354,40.746747,10.647978,-4.040227
264,388,258,456,263,329,363,390,164,385,40.257015,11.551249,-6.252079
249,421,242,489,249,363,347,423,149,418,39.401531,11.089183,-8.468047
249,452,241,520,250,394,347,454,149,449,38.122233,9.979279,-10.49709
250,481,240,549,251,424,347,483,150,479,36.915236,8.199722,-12.424621
250,514,238,582,253,457,346,516,152,512,35.895253,5.890845,-13.512015
262,542,251,611,266,486,357,544,166,540,35.052524,3.103636,-14.012336
296,566,285,635,299,509,390,568,201,563,34.43948,0.552082,-13.479666
397,399,394,468,393,340,494,400,300,399,33.88282,-3.176421,-10.371557
448,585,441,653,449,529,542,587,357,582,34.763781,-3.727365,-5.096395
525,526,522,592,524,471,621,527,433,525,38.152313,1.52693,1.252944
520,498,517,564,517,443,615,498,428,498,39.1832,3.735595,0.117797
515,470,514,535,512,414,610,469,424,470,39.792593,6.138963,-1.580519
502,449,501,514,498,393,596,448,410,450,40.186016,8.295646,-3.574764
472,429,472,495,468,372,567,428,380,430,40.246951,10.250926,-5.349524
435,415,434,481,431,358,530,414,342,416,39.981916,11.345211,-7.104461
466,490,460,561,466,431,567,492,368,489,39.354133,11.499067,-9.284666
356,400,353,469,352,341,454,401,258,400,38.420948,10.715033,-11.275231
418,409,417,476,415,352,513,409,325,410,37.520271,9.574626,-13.057232
396,409,394,476,394,351,492,410,302,409,36.296547,7.864541,-13.807382
367,411,364,477,364,353,462,412,272,410,35.080692,5.597094,-13.866601
353,414,348,480,352,356,448,415,257,411,34.236719,3.4405,-13.468639
303,446,298,512,302,389,399,446,206,445,33.487034,0.251498,-9.451461
291,472,285,539,291,415,387,473,194,471,33.496494,-1.34508,-7.105298
289,489,282,556,289,432,385,489,192,488,33.883496,-2.721066,-5.325048
287,503,280,570,287,446,383,503,190,502,34.616884,-3.113352,-3.492387
286,519,279,585,287,461,382,518,190,517,35.706354,-3.025487,-2.040905
314,405,310,474,311,347,412,407,215,405,36.843246,-2.117032,-0.741163
285,522,277,590,285,465,381,522,188,521,37.928635,-0.186376,0.286268
290,536,285,604,289,478,386,534,194,535,39.375627,5.439153,-0.491492
305,541,301,608,303,483,402,539,208,541,38.947173,12.922506,-2.05008
303,539,300,607,301,482,400,538,207,539,38.670875,14.259567,-2.935989
306,537,302,604,305,479,403,535,210,536,38.294466,14.215911,-4.262454
306,535,301,602,306,477,403,534,209,533,37.871265,13.469313,-6.05717
304,534,298,601,304,476,400,533,208,533,37.533973,12.413543,-8.351792
299,447,293,516,297,389,397,448,199,447,37.250885,10.980022,-10.832814
305,533,297,600,305,476,401,533,208,531,36.710511,9.173979,-13.273919
304,533,295,600,306,476,400,534,208,531,36.041474,6.937706,-14.766992
303,535,294,602,306,478,398,536,208,533,35.273248,4.573422,-15.090202
304,539,294,605,307,482,399,540,208,536,34.574223,2.400429,-15.003673
306,539,295,605,309,482,400,541,210,535,34.006805,0.252932,-14.211013
308,538,298,604,311,481,402,540,213,535,33.643787,-1.943632,-12.703138
317,539,306,605,319,482,410,541,222,535,33.746766,-3.810695,-11.080484
334,544,322,610,337,486,428,546,238,539,35.280683,-5.002093,-3.553051
286,489,279,559,286,432,384,490,186,489,36.11496,-3.317791,-0.459002
336,546,324,612,340,488,430,548,241,541,36.853098,-1.124802,0.738097
348,548,335,615,352,490,443,550,252,543,38.368864,3.020493,-0.041481
355,551,343,618,359,493,450,554,259,546,39.351711,6.347931,-3.200851
359,554,346,621,363,495,454,556,262,549,39.024952,8.585124,-6.415192
359,557,346,625,363,499,455,559,263,552,38.348889,8.858486,-7.172144
358,563,345,631,362,505,454,565,262,558,37.789121,8.760576,-8.425748
358,569,345,637,362,510,453,571,261,564,37.112229,8.049959,-9.532029
283,531,275,601,284,473,382,531,183,530,36.593664,6.115942,-11.146914
357,608,346,677,360,548,453,608,260,605,36.33188,3.242168,-12.657768
352,618,344,687,353,558,448,616,254,616,36.064317,2.051848,-12.732121
360,642,357,713,356,580,458,637,262,642,35.910652,0.307214,-11.440924
371,649,370,722,365,586,471,644,270,650,36.068439,0.510611,-11.362124
282,557,273,629,283,499,380,558,182,557,36.695635,0.393342,-10.465751
281,576,273,648,283,518,379,577,183,576,37.05239,-0.843484,-10.09855
311,583,303,655,312,526,407,584,215,583,37.576754,-0.478566,-9.435796
385,583,379,654,386,525,481,584,292,581,37.959312,1.209386,-9.782878
503,575,498,645,502,518,601,577,409,573,37.142012,1.454807,-11.036883
521,545,516,613,520,488,619,547,427,543,36.907986,0.983129,-11.078064
514,479,510,547,513,422,612,480,420,478,35.696283,1.771111,-12.030019
468,413,464,482,467,355,567,415,373,413,35.193103,1.43791,-11.60166
369,405,365,474,368,345,468,407,272,403,35.061215,2.607511,-10.352401
324,408,318,477,323,350,422,411,225,406,35.086743,2.026981,-10.005332
289,433,282,503,290,375,388,436,189,432,35.090657,1.889277,-9.745087
422,410,416,481,420,348,522,412,321,408,34.88749,1.853441,-9.693042
234,520,223,591,237,462,334,522,132,518,34.348297,1.198221,-9.144745
237,538,226,609,241,480,336,540,137,536,34.536691,1.177134,-8.69558
253,552,243,622,256,494,350,554,156,550,34.46549,1.699688,-8.579868
420,560,415,630,419,504,516,561,327,559,34.295428,0.209245,-8.907548
439,547,436,616,437,491,536,548,345,547,34.386587,0.30058,-9.179663
365,403,361,475,363,342,467,405,264,402,34.430984,-1.028219,-10.281874
445,486,444,554,442,430,541,486,351,488,35.007192,-2.711998,-10.741805
433,434,433,503,427,376,530,433,338,436,37.613357,-3.868664,-9.992724
241,401,243,473,235,342,343,402,139,402,40.070319,-6.1658,-7.743828
176,401,175,473,170,341,279,402,71,402,39.980236,-7.408134,-7.927827
148,413,147,485,144,353,253,414,42,414,39.937059,-6.30668,-8.483372
142,447,139,519,138,388,246,447,36,448,39.244061,-4.390739,-8.513888
147,484,143,556,144,426,250,484,42,486,40.121969,-2.221465,-8.391391
303,404,298,476,301,344,404,407,200,403,40.93317,-0.468781,-7.399783
150,510,146,581,148,451,252,509,47,511,41.541661,0.56708,-7.324714
243,533,238,604,241,477,340,533,145,535,41.966366,1.998986,-6.92628
390,532,385,601,388,476,485,532,296,531,42.079289,1.223031,-4.992376
427,528,423,597,425,472,523,529,333,528,43.048866,-0.121303,-3.736139
436,502,432,571,434,446,532,503,341,502,43.653535,0.814139,-3.814631
432,466,428,534,429,409,529,467,337,466,43.421053,1.437869,-3.755094
262,417,255,488,261,357,363,419,158,415,42.244904,1.386555,-5.348867
416,364,415,435,413,303,516,364,318,364,41.94704,1.884654,-6.383823
403,352,402,424,399,291,503,353,304,353,41.895496,2.695684,-6.97087
377,353,376,425,373,291,478,354,278,353,42.217266,2.463696,-7.420168
357,357,355,429,354,296,458,359,257,356,42.204589,1.122487,-7.381724
315,362,312,434,312,302,416,364,214,361,41.97405,2.008992,-7.466595
282,391,278,462,279,331,383,393,180,390,41.787616,3.521731,-7.656033
249,432,245,502,247,373,351,433,146,431,42.092724,3.91018,-7.608388
225,470,219,540,224,411,326,471,122,469,42.631452,3.889939,-7.791588
225,502,217,573,225,444,326,503,122,502,43.028682,3.165146,-7.637914
